{
  "battle_won_mean": [
    0.0,
    0.0,
    0.0,
    0.0,
    0.0182648401826484,
    0.0794392523364486,
    0.39893617021276595
  ],
  "battle_won_mean_T": [
    59,
    10063,
    20072,
    30089,
    40137,
    50158,
    60158
  ],
  "dead_allies_mean": [
    5.0,
    4.994845360824742,
    4.9950248756218905,
    5.0,
    4.954337899543379,
    4.808411214953271,
    4.00531914893617
  ],
  "dead_allies_mean_T": [
    59,
    10063,
    20072,
    30089,
    40137,
    50158,
    60158
  ],
  "dead_enemies_mean": [
    0.0,
    0.015463917525773196,
    0.19900497512437812,
    0.7674418604651163,
    1.5799086757990868,
    1.808411214953271,
    3.6382978723404253
  ],
  "dead_enemies_mean_T": [
    59,
    10063,
    20072,
    30089,
    40137,
    50158,
    60158
  ],
  "ep_length_mean": [
    59.0,
    51.56701030927835,
    49.79601990049751,
    46.59069767441861,
    45.881278538812786,
    46.82710280373832,
    53.191489361702125
  ],
  "ep_length_mean_T": [
    59,
    10063,
    20072,
    30089,
    40137,
    50158,
    60158
  ],
  "episode": [
    1041
  ],
  "episode_T": [
    50022
  ],
  "epsilon": [
    1.0,
    0.809658,
    0.61943,
    0.42929700000000004,
    0.23848000000000014,
    0.05,
    0.05
  ],
  "epsilon_T": [
    59,
    10063,
    20072,
    30089,
    40137,
    50158,
    60158
  ],
  "grad_norm": [
    3.8381993770599365,
    0.9087055921554565,
    3.1047377586364746,
    54.18679428100586,
    11.662374496459961,
    30.14787483215332,
    11.16916275024414
  ],
  "grad_norm_T": [
    1723,
    11755,
    21783,
    31793,
    41827,
    51889,
    61935
  ],
  "loss": [
    1.50885009765625,
    0.7349566221237183,
    0.643763542175293,
    1.8943575620651245,
    0.9844216108322144,
    1.6506054401397705,
    1.6120376586914062
  ],
  "loss_T": [
    1723,
    11755,
    21783,
    31793,
    41827,
    51889,
    61935
  ],
  "q_taken_mean": [
    -0.017573838723792076,
    0.022678527123966792,
    0.23122803859447005,
    1.0730057251908396,
    1.222541074966975,
    1.5409596472691807,
    1.8605182825943085
  ],
  "q_taken_mean_T": [
    1723,
    11755,
    21783,
    31793,
    41827,
    51889,
    61935
  ],
  "return_mean": [
    {
      "dtype": "float64",
      "py/object": "numpy.float64",
      "value": 3.8357843137254886
    },
    {
      "dtype": "float64",
      "py/object": "numpy.float64",
      "value": 4.1970512431776825
    },
    {
      "dtype": "float64",
      "py/object": "numpy.float64",
      "value": 5.542690956979806
    },
    {
      "dtype": "float64",
      "py/object": "numpy.float64",
      "value": 7.39140446876425
    },
    {
      "dtype": "float64",
      "py/object": "numpy.float64",
      "value": 9.402609902408452
    },
    {
      "dtype": "float64",
      "py/object": "numpy.float64",
      "value": 10.454874473153748
    },
    {
      "dtype": "float64",
      "py/object": "numpy.float64",
      "value": 15.586657801418442
    }
  ],
  "return_mean_T": [
    59,
    10063,
    20072,
    30089,
    40137,
    50158,
    60158
  ],
  "return_std": [
    {
      "dtype": "float64",
      "py/object": "numpy.float64",
      "value": 0.0
    },
    {
      "dtype": "float64",
      "py/object": "numpy.float64",
      "value": 0.8784091253969122
    },
    {
      "dtype": "float64",
      "py/object": "numpy.float64",
      "value": 1.2554902622319215
    },
    {
      "dtype": "float64",
      "py/object": "numpy.float64",
      "value": 1.5169087401032937
    },
    {
      "dtype": "float64",
      "py/object": "numpy.float64",
      "value": 2.1828779196840804
    },
    {
      "dtype": "float64",
      "py/object": "numpy.float64",
      "value": 3.473385492670575
    },
    {
      "dtype": "float64",
      "py/object": "numpy.float64",
      "value": 3.9149397029784856
    }
  ],
  "return_std_T": [
    59,
    10063,
    20072,
    30089,
    40137,
    50158,
    60158
  ],
  "target_mean": [
    0.04517770830310505,
    0.023497014233794952,
    0.2481724330357143,
    0.9255349475190839,
    1.1864454673051519,
    1.472141579973992,
    1.833904285241562
  ],
  "target_mean_T": [
    1723,
    11755,
    21783,
    31793,
    41827,
    51889,
    61935
  ],
  "td_error_abs": [
    0.7498273020349681,
    0.5863486305466937,
    0.5649044476346486,
    1.0687702518686386,
    0.7602951876238441,
    0.8461847392108257,
    0.8172256964551622
  ],
  "td_error_abs_T": [
    1723,
    11755,
    21783,
    31793,
    41827,
    51889,
    61935
  ],
  "test_battle_won_mean": [
    0.0,
    0.1
  ],
  "test_battle_won_mean_T": [
    59,
    50065
  ],
  "test_dead_allies_mean": [
    4.4,
    4.74
  ],
  "test_dead_allies_mean_T": [
    59,
    50065
  ],
  "test_dead_enemies_mean": [
    0.43,
    2.01
  ],
  "test_dead_enemies_mean_T": [
    59,
    50065
  ],
  "test_ep_length_mean": [
    90.48,
    48.07
  ],
  "test_ep_length_mean_T": [
    59,
    50065
  ],
  "test_return_mean": [
    {
      "dtype": "float64",
      "py/object": "numpy.float64",
      "value": 4.431176470588234
    },
    {
      "dtype": "float64",
      "py/object": "numpy.float64",
      "value": 10.260808823529413
    }
  ],
  "test_return_mean_T": [
    59,
    50065
  ],
  "test_return_std": [
    {
      "dtype": "float64",
      "py/object": "numpy.float64",
      "value": 1.893701546163984
    },
    {
      "dtype": "float64",
      "py/object": "numpy.float64",
      "value": 3.886784243429786
    }
  ],
  "test_return_std_T": [
    59,
    50065
  ]
}