{
  "battle_won_mean": [
    0.0,
    0.0,
    0.0,
    0.0,
    0.01834862385321101,
    0.16,
    0.32967032967032966,
    0.4318181818181818,
    0.35,
    0.27932960893854747
  ],
  "battle_won_mean_T": [
    55,
    10099,
    20137,
    30186,
    40191,
    50209,
    60269,
    70275,
    80283,
    90332
  ],
  "dead_allies_mean": [
    5.0,
    5.0,
    4.99009900990099,
    4.995305164319249,
    4.958715596330276,
    4.645,
    4.164835164835165,
    3.9943181818181817,
    4.122222222222222,
    4.351955307262569
  ],
  "dead_allies_mean_T": [
    55,
    10099,
    20137,
    30186,
    40191,
    50209,
    60269,
    70275,
    80283,
    90332
  ],
  "dead_enemies_mean": [
    0.0,
    0.03553299492385787,
    0.20297029702970298,
    0.9436619718309859,
    1.68348623853211,
    2.645,
    3.6263736263736264,
    3.8693181818181817,
    3.588888888888889,
    3.452513966480447
  ],
  "dead_enemies_mean_T": [
    55,
    10099,
    20137,
    30186,
    40191,
    50209,
    60269,
    70275,
    80283,
    90332
  ],
  "ep_length_mean": [
    55.0,
    50.984771573604064,
    49.693069306930695,
    47.178403755868544,
    45.89449541284404,
    50.09,
    55.27472527472528,
    56.85227272727273,
    55.6,
    56.13966480446928
  ],
  "ep_length_mean_T": [
    55,
    10099,
    20137,
    30186,
    40191,
    50209,
    60269,
    70275,
    80283,
    90332
  ],
  "episode": [
    1028
  ],
  "episode_T": [
    50059
  ],
  "epsilon": [
    1.0,
    0.8089930000000001,
    0.618214,
    0.42756800000000006,
    0.23724500000000004,
    0.05,
    0.05,
    0.05,
    0.05,
    0.05
  ],
  "epsilon_T": [
    55,
    10099,
    20137,
    30186,
    40191,
    50209,
    60269,
    70275,
    80283,
    90332
  ],
  "grad_norm": [
    4.101785182952881,
    1.860061764717102,
    2.8454623222351074,
    8.113064765930176,
    8.169160842895508,
    4.620254993438721,
    12.686589241027832,
    5.596619129180908,
    6.838241100311279,
    6.815631866455078
  ],
  "grad_norm_T": [
    1622,
    11629,
    21638,
    31660,
    41691,
    51720,
    61737,
    71741,
    81787,
    91833
  ],
  "loss": [
    1.5288214683532715,
    0.863585352897644,
    0.7228482961654663,
    0.9313762187957764,
    0.9441477656364441,
    1.8563250303268433,
    2.8300631046295166,
    1.5456700325012207,
    1.3626257181167603,
    1.1834596395492554
  ],
  "loss_T": [
    1622,
    11629,
    21638,
    31660,
    41691,
    51720,
    61737,
    71741,
    81787,
    91833
  ],
  "q_taken_mean": [
    -0.032068548425940195,
    0.027171390198188837,
    0.2948788717686002,
    0.8090068781308704,
    1.0594122706422018,
    1.4412086456975228,
    1.6425092879256966,
    1.569145545890822,
    1.6250286016949154,
    1.9412644440974391
  ],
  "q_taken_mean_T": [
    1622,
    11629,
    21638,
    31660,
    41691,
    51720,
    61737,
    71741,
    81787,
    91833
  ],
  "return_mean": [
    {
      "dtype": "float64",
      "py/object": "numpy.float64",
      "value": 4.892156862745097
    },
    {
      "dtype": "float64",
      "py/object": "numpy.float64",
      "value": 4.360194585448392
    },
    {
      "dtype": "float64",
      "py/object": "numpy.float64",
      "value": 5.533889050669772
    },
    {
      "dtype": "float64",
      "py/object": "numpy.float64",
      "value": 7.339524072539814
    },
    {
      "dtype": "float64",
      "py/object": "numpy.float64",
      "value": 9.243917521136895
    },
    {
      "dtype": "float64",
      "py/object": "numpy.float64",
      "value": 12.223602941176472
    },
    {
      "dtype": "float64",
      "py/object": "numpy.float64",
      "value": 14.943815987933638
    },
    {
      "dtype": "float64",
      "py/object": "numpy.float64",
      "value": 15.777573529411766
    },
    {
      "dtype": "float64",
      "py/object": "numpy.float64",
      "value": 15.18066448801743
    },
    {
      "dtype": "float64",
      "py/object": "numpy.float64",
      "value": 14.57859568408369
    }
  ],
  "return_mean_T": [
    55,
    10099,
    20137,
    30186,
    40191,
    50209,
    60269,
    70275,
    80283,
    90332
  ],
  "return_std": [
    {
      "dtype": "float64",
      "py/object": "numpy.float64",
      "value": 0.0
    },
    {
      "dtype": "float64",
      "py/object": "numpy.float64",
      "value": 1.0326642572062628
    },
    {
      "dtype": "float64",
      "py/object": "numpy.float64",
      "value": 1.1984411850298684
    },
    {
      "dtype": "float64",
      "py/object": "numpy.float64",
      "value": 1.545640718467657
    },
    {
      "dtype": "float64",
      "py/object": "numpy.float64",
      "value": 2.152973625028177
    },
    {
      "dtype": "float64",
      "py/object": "numpy.float64",
      "value": 3.92786754168274
    },
    {
      "dtype": "float64",
      "py/object": "numpy.float64",
      "value": 3.9461652248476766
    },
    {
      "dtype": "float64",
      "py/object": "numpy.float64",
      "value": 3.9444407932359224
    },
    {
      "dtype": "float64",
      "py/object": "numpy.float64",
      "value": 3.930630168451488
    },
    {
      "dtype": "float64",
      "py/object": "numpy.float64",
      "value": 3.756575508001499
    }
  ],
  "return_std_T": [
    55,
    10099,
    20137,
    30186,
    40191,
    50209,
    60269,
    70275,
    80283,
    90332
  ],
  "target_mean": [
    0.040248839805217325,
    0.016809769220420132,
    0.30473269526324087,
    0.8278265889167189,
    1.074381116207951,
    1.4561218627770534,
    1.6449833591331269,
    1.5805507648470305,
    1.6438047316384181,
    1.9583471267957526
  ],
  "target_mean_T": [
    1622,
    11629,
    21638,
    31660,
    41691,
    51720,
    61737,
    71741,
    81787,
    91833
  ],
  "td_error_abs": [
    0.7397242987053021,
    0.6547636997105107,
    0.6124697056273645,
    0.7422054168949593,
    0.7407061114296636,
    0.8055333660976206,
    0.8806082502902477,
    0.7681790595005998,
    0.6968580067090395,
    0.7165515449328544
  ],
  "td_error_abs_T": [
    1622,
    11629,
    21638,
    31660,
    41691,
    51720,
    61737,
    71741,
    81787,
    91833
  ],
  "test_battle_won_mean": [
    0.0,
    0.36
  ],
  "test_battle_won_mean_T": [
    55,
    50059
  ],
  "test_dead_allies_mean": [
    3.53,
    4.18
  ],
  "test_dead_allies_mean_T": [
    55,
    50059
  ],
  "test_dead_enemies_mean": [
    0.13,
    3.57
  ],
  "test_dead_enemies_mean_T": [
    55,
    50059
  ],
  "test_ep_length_mean": [
    115.71,
    53.52
  ],
  "test_ep_length_mean_T": [
    55,
    50059
  ],
  "test_return_mean": [
    {
      "dtype": "float64",
      "py/object": "numpy.float64",
      "value": 0.9139705882352939
    },
    {
      "dtype": "float64",
      "py/object": "numpy.float64",
      "value": 14.901740196078434
    }
  ],
  "test_return_mean_T": [
    55,
    50059
  ],
  "test_return_std": [
    {
      "dtype": "float64",
      "py/object": "numpy.float64",
      "value": 1.6523260454687536
    },
    {
      "dtype": "float64",
      "py/object": "numpy.float64",
      "value": 4.323199379591097
    }
  ],
  "test_return_std_T": [
    55,
    50059
  ]
}