{
  "battle_won_mean": [
    0.0,
    0.0
  ],
  "battle_won_mean_T": [
    52,
    10064
  ],
  "dead_allies_mean": [
    5.0,
    5.0
  ],
  "dead_allies_mean_T": [
    52,
    10064
  ],
  "dead_enemies_mean": [
    0.0,
    0.030927835051546393
  ],
  "dead_enemies_mean_T": [
    52,
    10064
  ],
  "ep_length_mean": [
    52.0,
    51.608247422680414
  ],
  "ep_length_mean_T": [
    52,
    10064
  ],
  "epsilon": [
    1.0,
    0.809905
  ],
  "epsilon_T": [
    52,
    10064
  ],
  "grad_norm": [
    4.013252258300781,
    0.8217124342918396
  ],
  "grad_norm_T": [
    1643,
    11660
  ],
  "loss": [
    1.4393577575683594,
    0.848587691783905
  ],
  "loss_T": [
    1643,
    11660
  ],
  "q_taken_mean": [
    -0.05006942925479306,
    0.01050153470238762
  ],
  "q_taken_mean_T": [
    1643,
    11660
  ],
  "return_mean": [
    {
      "dtype": "float64",
      "py/object": "numpy.float64",
      "value": 4.414215686274509
    },
    {
      "dtype": "float64",
      "py/object": "numpy.float64",
      "value": 4.336428643622397
    }
  ],
  "return_mean_T": [
    52,
    10064
  ],
  "return_std": [
    {
      "dtype": "float64",
      "py/object": "numpy.float64",
      "value": 0.0
    },
    {
      "dtype": "float64",
      "py/object": "numpy.float64",
      "value": 0.9416746151636947
    }
  ],
  "return_std_T": [
    52,
    10064
  ],
  "target_mean": [
    0.02551875499277237,
    0.014962681778300478
  ],
  "target_mean_T": [
    1643,
    11660
  ],
  "td_error_abs": [
    0.74365953571972,
    0.6446370151022999
  ],
  "td_error_abs_T": [
    1643,
    11660
  ],
  "test_battle_won_mean": [
    0.0
  ],
  "test_battle_won_mean_T": [
    52
  ],
  "test_dead_allies_mean": [
    4.25
  ],
  "test_dead_allies_mean_T": [
    52
  ],
  "test_dead_enemies_mean": [
    0.31
  ],
  "test_dead_enemies_mean_T": [
    52
  ],
  "test_ep_length_mean": [
    82.54
  ],
  "test_ep_length_mean_T": [
    52
  ],
  "test_return_mean": [
    {
      "dtype": "float64",
      "py/object": "numpy.float64",
      "value": 2.187303921568627
    }
  ],
  "test_return_mean_T": [
    52
  ],
  "test_return_std": [
    {
      "dtype": "float64",
      "py/object": "numpy.float64",
      "value": 1.5904381426759684
    }
  ],
  "test_return_std_T": [
    52
  ]
}