{
  "battle_won_mean": [
    0.0,
    0.0,
    0.0,
    0.0,
    0.02403846153846154,
    0.15736040609137056,
    0.4143646408839779,
    0.4888888888888889,
    0.3825136612021858,
    0.26737967914438504,
    0.29508196721311475
  ],
  "battle_won_mean_T": [
    55,
    10092,
    20135,
    30175,
    40235,
    50270,
    60294,
    70358,
    80366,
    90408,
    100432
  ],
  "dead_allies_mean": [
    5.0,
    5.0,
    4.989583333333333,
    5.0,
    4.9375,
    4.634517766497462,
    3.9613259668508287,
    3.838888888888889,
    4.0710382513661205,
    4.347593582887701,
    4.262295081967213
  ],
  "dead_allies_mean_T": [
    55,
    10092,
    20135,
    30175,
    40235,
    50270,
    60294,
    70358,
    80366,
    90408,
    100432
  ],
  "dead_enemies_mean": [
    0.0,
    0.05699481865284974,
    0.19791666666666666,
    0.5833333333333334,
    1.7115384615384615,
    2.6446700507614214,
    3.685082872928177,
    3.922222222222222,
    3.4644808743169397,
    3.27807486631016,
    3.431693989071038
  ],
  "dead_enemies_mean_T": [
    55,
    10092,
    20135,
    30175,
    40235,
    50270,
    60294,
    70358,
    80366,
    90408,
    100432
  ],
  "ep_length_mean": [
    55.0,
    52.005181347150256,
    52.307291666666664,
    46.48148148148148,
    48.36538461538461,
    50.93908629441624,
    55.38121546961326,
    55.91111111111111,
    54.68852459016394,
    53.70053475935829,
    54.775956284153004
  ],
  "ep_length_mean_T": [
    55,
    10092,
    20135,
    30175,
    40235,
    50270,
    60294,
    70358,
    80366,
    90408,
    100432
  ],
  "episode": [
    1002,
    1914
  ],
  "episode_T": [
    50012,
    100043
  ],
  "epsilon": [
    1.0,
    0.809164,
    0.618328,
    0.4274730000000001,
    0.23671300000000006,
    0.05,
    0.05,
    0.05,
    0.05,
    0.05,
    0.05
  ],
  "epsilon_T": [
    55,
    10092,
    20135,
    30175,
    40235,
    50270,
    60294,
    70358,
    80366,
    90408,
    100432
  ],
  "grad_norm": [
    3.514652967453003,
    3.1555988788604736,
    1.4463924169540405,
    36.89780044555664,
    13.511578559875488,
    46.817970275878906,
    19.215940475463867,
    11.174384117126465,
    6.523468017578125,
    6.898810863494873,
    5.250865459442139
  ],
  "grad_norm_T": [
    1633,
    11671,
    21682,
    31699,
    41728,
    51757,
    61775,
    71778,
    81799,
    91839,
    101848
  ],
  "loss": [
    1.344516396522522,
    0.8316944241523743,
    0.6488832831382751,
    1.6882028579711914,
    1.1485294103622437,
    3.5197951793670654,
    1.5576335191726685,
    1.6369878053665161,
    0.8023689389228821,
    1.0256109237670898,
    1.1950219869613647
  ],
  "loss_T": [
    1633,
    11671,
    21682,
    31699,
    41728,
    51757,
    61775,
    71778,
    81799,
    91839,
    101848
  ],
  "q_taken_mean": [
    0.007851115481954225,
    0.023114785532982973,
    0.26273836903089887,
    0.6226687537048015,
    1.1132827476038338,
    1.3003473067559344,
    1.2910433171948357,
    1.8090057686430319,
    1.698228569380734,
    2.0906856851179674,
    2.2062087330699773
  ],
  "q_taken_mean_T": [
    1633,
    11671,
    21682,
    31699,
    41728,
    51757,
    61775,
    71778,
    81799,
    91839,
    101848
  ],
  "return_mean": [
    {
      "dtype": "float64",
      "py/object": "numpy.float64",
      "value": 3.955882352941175
    },
    {
      "dtype": "float64",
      "py/object": "numpy.float64",
      "value": 4.144049070405364
    },
    {
      "dtype": "float64",
      "py/object": "numpy.float64",
      "value": 5.3106745302287575
    },
    {
      "dtype": "float64",
      "py/object": "numpy.float64",
      "value": 6.50899827523602
    },
    {
      "dtype": "float64",
      "py/object": "numpy.float64",
      "value": 9.308422888386122
    },
    {
      "dtype": "float64",
      "py/object": "numpy.float64",
      "value": 11.934893500547425
    },
    {
      "dtype": "float64",
      "py/object": "numpy.float64",
      "value": 15.361011808038134
    },
    {
      "dtype": "float64",
      "py/object": "numpy.float64",
      "value": 16.300027233115472
    },
    {
      "dtype": "float64",
      "py/object": "numpy.float64",
      "value": 15.072752598307082
    },
    {
      "dtype": "float64",
      "py/object": "numpy.float64",
      "value": 13.94582940127923
    },
    {
      "dtype": "float64",
      "py/object": "numpy.float64",
      "value": 14.571908818172078
    }
  ],
  "return_mean_T": [
    55,
    10092,
    20135,
    30175,
    40235,
    50270,
    60294,
    70358,
    80366,
    90408,
    100432
  ],
  "return_std": [
    {
      "dtype": "float64",
      "py/object": "numpy.float64",
      "value": 0.0
    },
    {
      "dtype": "float64",
      "py/object": "numpy.float64",
      "value": 0.9924857944637687
    },
    {
      "dtype": "float64",
      "py/object": "numpy.float64",
      "value": 1.1691259365209812
    },
    {
      "dtype": "float64",
      "py/object": "numpy.float64",
      "value": 1.4166319147869393
    },
    {
      "dtype": "float64",
      "py/object": "numpy.float64",
      "value": 2.6509375106038924
    },
    {
      "dtype": "float64",
      "py/object": "numpy.float64",
      "value": 4.009297621664896
    },
    {
      "dtype": "float64",
      "py/object": "numpy.float64",
      "value": 4.279873717307846
    },
    {
      "dtype": "float64",
      "py/object": "numpy.float64",
      "value": 3.852950408250839
    },
    {
      "dtype": "float64",
      "py/object": "numpy.float64",
      "value": 4.2568864798664885
    },
    {
      "dtype": "float64",
      "py/object": "numpy.float64",
      "value": 4.026177464607466
    },
    {
      "dtype": "float64",
      "py/object": "numpy.float64",
      "value": 3.846361223638225
    }
  ],
  "return_std_T": [
    55,
    10092,
    20135,
    30175,
    40235,
    50270,
    60294,
    70358,
    80366,
    90408,
    100432
  ],
  "target_mean": [
    0.07138757391495713,
    0.050341384823312234,
    0.26760608321629215,
    0.7541748481031417,
    1.1328995607028753,
    1.4486674528301886,
    1.335625733568075,
    1.8274549205378974,
    1.6949215166284404,
    2.09450998185118,
    2.201331652088036
  ],
  "target_mean_T": [
    1633,
    11671,
    21682,
    31699,
    41728,
    51757,
    61775,
    71778,
    81799,
    91839,
    101848
  ],
  "td_error_abs": [
    0.7475274370407226,
    0.64491186803044,
    0.5728096471207865,
    0.9864793272080616,
    0.8099017821485623,
    1.0933142022976263,
    0.8025326437793427,
    0.8002829404798288,
    0.6137880657790997,
    0.6980970914624924,
    0.6979468489877257
  ],
  "td_error_abs_T": [
    1633,
    11671,
    21682,
    31699,
    41728,
    51757,
    61775,
    71778,
    81799,
    91839,
    101848
  ],
  "test_battle_won_mean": [
    0.0,
    0.57,
    0.53
  ],
  "test_battle_won_mean_T": [
    55,
    50055,
    100096
  ],
  "test_dead_allies_mean": [
    5.0,
    3.69,
    3.72
  ],
  "test_dead_allies_mean_T": [
    55,
    50055,
    100096
  ],
  "test_dead_enemies_mean": [
    0.48,
    4.12,
    4.05
  ],
  "test_dead_enemies_mean_T": [
    55,
    50055,
    100096
  ],
  "test_ep_length_mean": [
    45.3,
    55.83,
    53.48
  ],
  "test_ep_length_mean_T": [
    55,
    50055,
    100096
  ],
  "test_return_mean": [
    {
      "dtype": "float64",
      "py/object": "numpy.float64",
      "value": 2.092107843137255
    },
    {
      "dtype": "float64",
      "py/object": "numpy.float64",
      "value": 16.81433823529412
    },
    {
      "dtype": "float64",
      "py/object": "numpy.float64",
      "value": 16.85580882352941
    }
  ],
  "test_return_mean_T": [
    55,
    50055,
    100096
  ],
  "test_return_std": [
    {
      "dtype": "float64",
      "py/object": "numpy.float64",
      "value": 1.6336700943643119
    },
    {
      "dtype": "float64",
      "py/object": "numpy.float64",